stock,CAR_-1_to_+1
NFLX,-0.07301798636639048
WBD,0.09599948380258488
PSKY,-0.0019459058697200576
