stock,CAR_-1_to_+1
NFLX,0.1749132755933746
WBD,-0.007360706438796251
PSKY,0.2961746741576562
